college_name,preferred_stream,year,predicted_admissions_2027
Bangalore Institute of Technology,agriculture,2027,42
Bangalore Institute of Technology,architecture,2027,48
Bangalore Institute of Technology,arts,2027,38
Bangalore Institute of Technology,commerce,2027,41
Bangalore Institute of Technology,computer applications,2027,40
Bangalore Institute of Technology,engineering,2027,39
Bangalore Institute of Technology,law,2027,43
Bangalore Institute of Technology,management,2027,45
Bangalore Institute of Technology,medical,2027,42
Bangalore Institute of Technology,nursing,2027,44
Bangalore Institute of Technology,pharmacy,2027,41
Bangalore Institute of Technology,science,2027,35
College of Engineering Pune,agriculture,2027,40
College of Engineering Pune,architecture,2027,43
College of Engineering Pune,arts,2027,41
College of Engineering Pune,commerce,2027,34
College of Engineering Pune,computer applications,2027,46
College of Engineering Pune,engineering,2027,29
College of Engineering Pune,law,2027,40
College of Engineering Pune,management,2027,50
College of Engineering Pune,medical,2027,40
College of Engineering Pune,nursing,2027,36
College of Engineering Pune,pharmacy,2027,43
College of Engineering Pune,science,2027,35
Delhi University,agriculture,2027,43
Delhi University,architecture,2027,43
Delhi University,arts,2027,51
Delhi University,commerce,2027,38
Delhi University,computer applications,2027,37
Delhi University,engineering,2027,36
Delhi University,law,2027,45
Delhi University,management,2027,45
Delhi University,medical,2027,34
Delhi University,nursing,2027,42
Delhi University,pharmacy,2027,40
Delhi University,science,2027,51
IIT Bombay,agriculture,2027,31
IIT Bombay,architecture,2027,40
IIT Bombay,arts,2027,40
IIT Bombay,commerce,2027,44
IIT Bombay,computer applications,2027,44
IIT Bombay,engineering,2027,42
IIT Bombay,law,2027,42
IIT Bombay,management,2027,53
IIT Bombay,medical,2027,33
IIT Bombay,nursing,2027,45
IIT Bombay,pharmacy,2027,41
IIT Bombay,science,2027,39
MIT World Peace University,agriculture,2027,45
MIT World Peace University,architecture,2027,46
MIT World Peace University,arts,2027,40
MIT World Peace University,commerce,2027,51
MIT World Peace University,computer applications,2027,38
MIT World Peace University,engineering,2027,43
MIT World Peace University,law,2027,43
MIT World Peace University,management,2027,44
MIT World Peace University,medical,2027,40
MIT World Peace University,nursing,2027,44
MIT World Peace University,pharmacy,2027,42
MIT World Peace University,science,2027,37
NIT Trichy,agriculture,2027,36
NIT Trichy,architecture,2027,40
NIT Trichy,arts,2027,40
NIT Trichy,commerce,2027,38
NIT Trichy,computer applications,2027,42
NIT Trichy,engineering,2027,44
NIT Trichy,law,2027,40
NIT Trichy,management,2027,44
NIT Trichy,medical,2027,40
NIT Trichy,nursing,2027,45
NIT Trichy,pharmacy,2027,32
NIT Trichy,science,2027,36
Symbiosis College Pune,agriculture,2027,36
Symbiosis College Pune,architecture,2027,40
Symbiosis College Pune,arts,2027,41
Symbiosis College Pune,commerce,2027,46
Symbiosis College Pune,computer applications,2027,43
Symbiosis College Pune,engineering,2027,36
Symbiosis College Pune,law,2027,37
Symbiosis College Pune,management,2027,37
Symbiosis College Pune,medical,2027,40
Symbiosis College Pune,nursing,2027,40
Symbiosis College Pune,pharmacy,2027,35
Symbiosis College Pune,science,2027,36
